orig.ident,celltype_major,full_hallmark_emt,full_epithelial,panel313_measured_hallmark,panel280_measured_hallmark,panel313_tf_candidate,panel280_tf_candidate,panel313_full_fit_prediction,panel280_full_fit_prediction,n_cells
CID3586,B-cells,0.07916601735620622,0.01381304573123676,0.1087901938734344,0.11380803380020456,0.0,0.0,0.10468294960273897,0.1068932528340111,321
CID3586,CAFs,0.42965460104113934,0.021085439514965186,1.385392445578691,1.3315787511032031,0.010810810810810811,0.005405405405405406,0.37511517469120514,0.37300814322180353,185
CID3586,Endothelial,0.23230938006999538,0.06619762449907067,0.18555412740086982,0.1960835324728471,0.01910828025477707,0.012738853503184714,0.16786390217868116,0.17392035959262653,157
CID3586,Myeloid,0.15129197059565908,0.011737624857049015,0.23197619562294847,0.24486457797806832,0.02,0.02,0.16833112973202755,0.17835561251789747,200
CID3586,Normal Epithelial,0.20080651881188344,1.0532979916469043,0.5672256737196752,0.6184754364742315,0.0,0.0,0.20629286035946098,0.2066085058068155,698
CID3586,PVL,0.41262561661992225,0.08682459754441917,1.1158254260298472,1.0236000079048262,0.047619047619047616,0.047619047619047616,0.35759812028305615,0.3560340619788662,21
CID3586,T-cells,0.11137678920525883,0.006035954397119256,0.10451261326877948,0.10970472521783235,0.0002175805047867711,0.0002175805047867711,0.13712330424968888,0.1412080191715412,4596
CID3838,B-cells,0.12528488829223117,0.006918230467289713,0.36102078211063676,0.38111913519838625,0.0,0.0,0.11561163287648553,0.12310180578880285,47
CID3838,CAFs,1.0657993750978354,0.06326801558115278,3.5586454866341906,3.491072761027646,0.41379310344827586,0.4039408866995074,0.7847836251751394,0.7733899523274768,203
CID3838,Endothelial,0.4066352099312578,0.11658043910537293,0.8344715019386895,0.869343485469135,0.20202020202020202,0.20202020202020202,0.2909201858187549,0.2961592827018053,99
CID3838,Myeloid,0.31272685484355545,0.012741549663644684,0.8410756209053794,0.8899626832901517,0.18018018018018017,0.17342342342342343,0.3182127733249303,0.336671297722714,444
CID3838,PVL,0.67133919274882,0.07080074367539628,2.136854010182154,1.9967789621047027,0.17088607594936708,0.15822784810126583,0.6087735548242125,0.6024514964437735,158
CID3838,Plasmablasts,0.10825027808892523,0.011966395012334577,0.26371264013641965,0.27829287119730584,0.0196078431372549,0.0196078431372549,0.14717338225397844,0.1603540535052921,51
CID3838,T-cells,0.1738469974299622,0.006844424902185728,0.23846490120766015,0.2469415817046097,0.006661732050333087,0.006661732050333087,0.17014932675639186,0.17827495950091554,1351
CID3921,B-cells,0.0922430785439058,0.017446358447744507,0.10365275247226756,0.10936875268126243,0.0,0.0,0.11106913605672968,0.11508340064248102,162
CID3921,CAFs,0.8457032198480873,0.04077849422866805,2.5731223067592017,2.5027587568956764,0.03773584905660377,0.03773584905660377,0.602219285003344,0.5832265364069285,106
CID3921,Cancer Epithelial,0.17191184026090173,1.440903431210253,0.4568544187502228,0.4868122697190602,0.006802721088435374,0.006802721088435374,0.18871431659421498,0.18808563685263735,441
CID3921,Endothelial,0.3543537350605254,0.08963520451904054,0.35091833988759713,0.36901625820022554,0.09047619047619047,0.09047619047619047,0.23633578586843498,0.23188732160336747,210
CID3921,Myeloid,0.2565977931994651,0.015298630414226862,0.40696531630312227,0.4373797734744632,0.012987012987012988,0.012987012987012988,0.2366871759884704,0.2513453534794315,385
CID3921,PVL,0.5200368685425384,0.06859915959127147,1.2877153557742516,1.1932733160504143,0.05555555555555555,0.05555555555555555,0.4172562968454801,0.406001852416804,72
CID3921,Plasmablasts,0.05651670183853956,0.012810533146822102,0.06618997004969596,0.07189279718355575,0.0,0.0,0.1057988127228124,0.11456579226908876,175
CID3921,T-cells,0.13061598079139392,0.005726281380828317,0.13108441681411762,0.13729297542926347,0.0013577732518669382,0.0013577732518669382,0.14099526536547238,0.14549599703487046,1473
CID3941,B-cells,0.07178941600883151,0.0024887330914244656,0.14061921768933178,0.1484173412735811,0.0,0.0,0.10461428357122989,0.10900202129615534,55
CID3941,CAFs,0.48710610249904185,0.0071737223381388064,1.1444220846619066,1.0092573070623065,0.0,0.0,0.36645837691306493,0.3569933103079818,8
CID3941,Cancer Epithelial,0.12276033500376689,0.8106399830070592,0.09701821202760949,0.09104821515520825,0.0,0.0,0.135901425084135,0.13598153102179622,196
CID3941,Endothelial,0.31921496394860616,0.11543342602823245,0.40220950744297074,0.42781762317441335,0.045454545454545456,0.045454545454545456,0.2358767954560483,0.24184459154790164,44
CID3941,Myeloid,0.124915370932424,0.009075428411780547,0.19996475950492945,0.21612186748123685,0.0,0.0,0.15751460315848217,0.16510168349487522,37
CID3941,PVL,0.52900287717942,0.033083794369475734,1.2186113399546996,1.048520813058566,0.0,0.0,0.40013355835865255,0.38492688818706533,25
CID3941,T-cells,0.10442478509440771,0.0021939809372946806,0.09861191607072743,0.10337548761438824,0.0,0.0,0.135872498453723,0.13899003480697836,266
CID3946,CAFs,0.5075524433040579,0.03835231588006062,1.1895456206708304,0.9991424417579345,0.023952095808383235,0.017964071856287425,0.3630876143522359,0.34203892372699624,167
CID3946,Endothelial,0.16614476750743667,0.04654600800994622,0.22740089526053828,0.23633526505430666,0.00909090909090909,0.00909090909090909,0.1459887706575927,0.15163530287980007,110
CID3946,Myeloid,0.16893008885996785,0.007236167432200248,0.09604467084751257,0.1007688902664348,0.0,0.0,0.16187898265377482,0.1668867088761891,157
CID3946,PVL,0.3226139423619211,0.023635534085183284,0.7316051327629574,0.6325980111307306,0.008064516129032258,0.008064516129032258,0.2581259696905006,0.25183397133991087,248
CID3946,T-cells,0.1002893719939497,0.011450409618115899,0.07440471260526238,0.06932672217570014,0.0,0.0,0.12152522991063282,0.12473819473181974,92
CID3948,B-cells,0.0790490816622167,0.020291492564036926,0.049540206490210195,0.0522117528309049,0.0,0.0,0.10475904471220934,0.10635918884215072,85
CID3948,CAFs,0.7965473236813789,0.030334169822591715,1.9708503373945518,1.907399635496952,0.0,0.0,0.4981113774644727,0.49095296427894797,15
CID3948,Cancer Epithelial,0.1661963829469307,1.3460100684421028,0.2872640161331295,0.3073755404116852,0.011494252873563218,0.011494252873563218,0.1755105432914985,0.1744280033432098,261
CID3948,Endothelial,0.2678116528662239,0.07909179077411145,0.2840101112718101,0.30166894280194567,0.023529411764705882,0.023529411764705882,0.1754187686185502,0.18175605110769677,85
CID3948,Myeloid,0.21061014405221634,0.019423918847034885,0.24279112808049452,0.26318181838027355,0.0,0.0,0.2041691795555523,0.2155363828339809,122
CID3948,PVL,0.39515524949522823,0.031279169445247654,0.6917685875560571,0.6450510960459555,0.0,0.0,0.28663945189808854,0.2917783296422069,62
CID3948,Plasmablasts,0.0791975274742671,0.01589417117146428,0.05648959490569013,0.060282706374946066,0.0,0.0,0.1121575662800211,0.12186459243049828,232
CID3948,T-cells,0.10795380747424617,0.01196897359445029,0.08752878916430402,0.09147031183316953,0.0,0.0,0.1323371937080706,0.13608665137126633,1465
CID3963,CAFs,0.6357842888416423,0.0749757953059971,1.7925127745196552,1.6880172541913334,0.21739130434782608,0.21739130434782608,0.49866013454221997,0.4864347249279022,23
CID3963,Cancer Epithelial,0.21070797065274666,1.1008477190519819,0.2772766878406747,0.2942095057474305,0.0045045045045045045,0.0045045045045045045,0.21748105307169285,0.21741967573978158,222
CID3963,Endothelial,0.3194327986856562,0.05886732727571736,0.32365973737754067,0.3398109604072253,0.0196078431372549,0.0196078431372549,0.19911262668478383,0.20014026059940926,102
CID3963,Myeloid,0.23736695873699637,0.015627056214157154,0.2622699743546818,0.2827256703904345,0.010438413361169102,0.010438413361169102,0.23309367569197809,0.24555916221912474,479
CID3963,Normal Epithelial,0.18850434770179075,1.1215235679242368,0.56528290217494,0.6419663847793761,0.0,0.0,0.20237485058227123,0.20385797089670019,1
CID3963,PVL,0.5414421083083756,0.08534940114451241,1.2541115346190321,1.1188743774264764,0.03571428571428571,0.03571428571428571,0.4372305377827826,0.4263691189030392,28
CID3963,T-cells,0.13873138560207524,0.006266025842335876,0.13043980382632206,0.1366258221987061,0.00037425149700598805,0.00037425149700598805,0.1496372406040828,0.15724122210203723,2672
CID4040,B-cells,0.10456770558571851,0.009770154462057236,0.29262876147727024,0.29890799568307974,0.0,0.0,0.10679738471427296,0.10972293648444653,105
CID4040,CAFs,0.8523676463546442,0.05039738761425687,2.878048367426513,2.7706959895150534,0.2248062015503876,0.2248062015503876,0.6596953989953909,0.6445116720173449,129
CID4040,Endothelial,0.38738460060879903,0.11055502014099094,0.749107749463632,0.7840533019399755,0.2798165137614679,0.2706422018348624,0.30390112387940726,0.30979468912821434,218
CID4040,Myeloid,0.2331686875234337,0.02162184386542696,0.4875557162713401,0.5163390320255445,0.02,0.02,0.23804194480384885,0.24934642986701042,50
CID4040,PVL,0.5848564933512865,0.06220066240172991,1.8061492022451113,1.6594860000124736,0.17607223476297967,0.16478555304740405,0.5499078269818198,0.5403857981501256,443
CID4040,Plasmablasts,0.05423715887445176,0.011176211702912935,0.22434069062450557,0.23360881678942752,0.0,0.0,0.11104227721368513,0.12235542134721875,74
CID4040,T-cells,0.15246338266017875,0.011519703716042296,0.19718161872048712,0.20331755180838826,0.001984126984126984,0.0013227513227513227,0.15463062491259047,0.1606236880606592,1512
CID4066,B-cells,0.07606990887293949,0.03711721279620484,0.07929765162627449,0.083520849516409,0.0,0.0,0.0995218138801224,0.1029061945286018,38
CID4066,CAFs,0.8400107741946865,0.03482539541795428,2.383152860008366,2.259278194399297,0.01950162513542795,0.01950162513542795,0.5637657026113655,0.5526596789197432,923
CID4066,Cancer Epithelial,0.15952825213687147,1.4855425580549615,0.2574397425258561,0.2649924012380028,0.0019193857965451055,0.0019193857965451055,0.1755966092465256,0.17474973769779203,521
CID4066,Endothelial,0.2877987840226445,0.07535047578210947,0.36864131269989187,0.38309535268838746,0.03364485981308411,0.03364485981308411,0.20386713578853993,0.20812402008647746,535
CID4066,Myeloid,0.2010094490373151,0.012028474415324375,0.32159715628523045,0.34590450561107033,0.00904977375565611,0.00904977375565611,0.20027017582268208,0.2101434557812075,221
CID4066,Normal Epithelial,0.31395975704976176,0.9314389139470001,0.8495982758689862,0.9053981565627959,0.0,0.0,0.25671782183144115,0.2554263687475609,270
CID4066,PVL,0.48897853520567297,0.04146311598131113,1.1718265511144088,1.0319051537632122,0.01904761904761905,0.01904761904761905,0.39845999582876457,0.3871467486509872,630
CID4066,T-cells,0.1150010428520684,0.0176876094920094,0.10858801298920312,0.11336442385703652,0.00046061722708429296,0.00046061722708429296,0.12901887004549553,0.1318117275803722,2171
CID4067,B-cells,0.06718138816736408,0.008753402135661685,0.0747571839685323,0.07874496051587417,0.0,0.0,0.09666032505101912,0.09924787385455133,53
CID4067,CAFs,0.8400574018858075,0.027510795564971456,2.554274817704301,2.4881562341935606,0.007407407407407408,0.007407407407407408,0.5482234874245271,0.5456229112534348,135
CID4067,Cancer Epithelial,0.1727132950991299,1.105087566079012,0.21638914325517244,0.22317786502987177,0.0012755102040816326,0.0012755102040816326,0.17759100214364887,0.17613568935060106,2352
CID4067,Endothelial,0.232085876299981,0.0571958441288505,0.21928711519328173,0.22956532854822784,0.005376344086021506,0.005376344086021506,0.1850610656699722,0.18838236281622137,186
CID4067,Myeloid,0.20873554508516873,0.01281437603636924,0.3200178244975348,0.34569639085442116,0.0037593984962406013,0.0037593984962406013,0.20059209402796893,0.21179916165928095,266
CID4067,PVL,0.3923130500268343,0.057430350166807836,0.9310973748072535,0.9002098432912192,0.024096385542168676,0.012048192771084338,0.33032863594706835,0.3382919894317788,83
CID4067,T-cells,0.10072067015452296,0.007357761496372538,0.07523992026056792,0.0797181574407181,0.0,0.0,0.12987631034752511,0.13334172587794743,689
CID4290A,B-cells,0.06226726450698149,0.02287360620222744,0.05899694451406189,0.06214420215908013,0.0,0.0,0.10178396832649607,0.10509952451412174,117
CID4290A,CAFs,0.8121484149619058,0.04558945062923362,2.3223486441907553,2.2546753023442325,0.0035714285714285713,0.0,0.5306450571496827,0.5295819057726061,280
CID4290A,Cancer Epithelial,0.1638906952572894,1.6613428697454942,0.26085353006438017,0.27217079690494467,0.0004934616333580064,0.0004934616333580064,0.17254784097801237,0.17113818930222746,4053
CID4290A,Endothelial,0.3219170146372215,0.09947674571963872,0.3496147991820136,0.3649157778308881,0.026845637583892617,0.026845637583892617,0.21159370653822152,0.20910802858947386,298
CID4290A,Myeloid,0.21492969743504292,0.0224591059819755,0.2821013771749035,0.3030871914248543,0.0,0.0,0.2034681048934956,0.212424246438521,341
CID4290A,Normal Epithelial,0.2466194959403427,1.0960391700205192,0.7240775535391347,0.77055498435638,0.0,0.0,0.23021195713173093,0.22862317215196548,18
CID4290A,PVL,0.49303508525929324,0.05906143590082789,1.0508481156925136,0.9930062208757495,0.02142857142857143,0.02142857142857143,0.35534863495472935,0.3594380833285493,140
CID4290A,T-cells,0.08893859914849077,0.02676347669791966,0.06257761649004219,0.06452978094135062,0.0,0.0,0.1224248371987954,0.12462426779265008,542
CID4398,B-cells,0.045792032866161604,0.004740685092189844,0.20628704078285715,0.21778213995107606,0.0,0.0,0.11147648020651182,0.11338742596538265,36
CID4398,CAFs,0.5823249726888506,0.01705523235659434,1.943361135381165,1.9222401989884346,0.016853932584269662,0.016853932584269662,0.5046097733385582,0.5032863351215348,178
CID4398,Endothelial,0.2647870148717051,0.0572629519121192,0.43863950439472277,0.46568729712273094,0.019801980198019802,0.019801980198019802,0.2325572090292237,0.24134797505258035,101
CID4398,Myeloid,0.14717154828526713,0.0061855614124810155,0.31566934233225313,0.33374567590420334,0.0044444444444444444,0.0,0.16952797406532485,0.17534189198414268,225
CID4398,PVL,0.3513772632379205,0.02365036766024036,0.9782789884493877,0.949661561006646,0.011494252873563218,0.011494252873563218,0.34604283567750516,0.35303222008651974,87
CID4398,Plasmablasts,0.04501682297465818,0.005053922165405594,0.11509330439037758,0.12176134766704913,0.0,0.0,0.10969375401136439,0.12403917066698444,91
CID4398,T-cells,0.06972767412347376,0.0045848897951915905,0.1341201541263491,0.1420784876812285,0.0,0.0,0.12871356660807987,0.13369195948936832,3733
CID4461,CAFs,0.4704438318924543,0.11158254254288932,1.363584637108873,1.3837243292788253,0.0,0.0,0.3066670684946193,0.31489364577443674,41
CID4461,Cancer Epithelial,0.10953979905654855,1.024679695446487,0.3814033066974485,0.40422554999281396,0.0,0.0,0.1281944622219187,0.12841629748523092,207
CID4461,Endothelial,0.17072418428366987,0.11248813371294539,0.18234323575342082,0.19493410030732022,0.0,0.0,0.13243956334162815,0.13605532050357194,182
CID4461,Myeloid,0.112426513687783,0.1039001129226551,0.1708493806172981,0.18146197558982213,0.0,0.0,0.1332464906472101,0.13656619343367385,53
CID4461,PVL,0.19171100047825373,0.053949969238450864,0.5049785467064838,0.4950561728599836,0.0,0.0,0.18978232460339808,0.19454933999861188,48
CID4461,Plasmablasts,0.06336016264212323,0.19600224045444184,0.251787617587013,0.2602866666927878,0.0,0.0,0.11033413049683094,0.1126083921259283,32
CID4461,T-cells,0.05910235146054149,0.05744714812723763,0.06867554636930027,0.07378416410742894,0.0,0.0,0.10147377739708383,0.10443439421180797,68
CID4463,CAFs,0.8169428973096747,0.04932776596395323,2.455604705493422,2.3326060176906864,0.0,0.0,0.5309207578693896,0.5155383810652894,25
CID4463,Cancer Epithelial,0.15332057718967942,1.4937185371235961,0.31925110195237294,0.331795850345755,0.0,0.0,0.16976873268571063,0.16884544306212781,659
CID4463,Endothelial,0.3096090470287716,0.10344259472217905,0.43605039928723416,0.45415443271858336,0.02531645569620253,0.012658227848101266,0.2357445957296661,0.23323982296030155,79
CID4463,Myeloid,0.20999831009816303,0.04609444254694657,0.2686482571942267,0.29025388444835204,0.0,0.0,0.19499050104250826,0.2053273077767474,101
CID4463,Normal Epithelial,0.21594532647660564,1.1943639752373978,0.4489043859662812,0.5057523341774142,0.0,0.0,0.19413828185260423,0.19581744019745753,26
CID4463,PVL,0.3688034691695319,0.022578546361477502,0.9442786539563283,0.8884770854111883,0.0,0.0,0.31817964138590926,0.3199291157878886,31
CID4463,T-cells,0.1012911234784008,0.03704336361133711,0.06722107163826346,0.07013682461811029,0.0,0.0,0.13549278705676557,0.1412448184212079,217
CID4465,B-cells,0.07389602019331562,0.09988103476202018,0.2777718687990485,0.2889678616215747,0.0,0.0,0.1356133853761896,0.13924885960055233,33
CID4465,CAFs,0.5029917771969339,0.04628956263761677,1.3900772987808336,1.3895692822062733,0.005277044854881266,0.005277044854881266,0.31415255457534386,0.3168281500867551,379
CID4465,Cancer Epithelial,0.15299898766956888,0.6572276164192393,0.345586704185511,0.36783132808968555,0.0,0.0,0.15565726406590827,0.15611890424791555,124
CID4465,Endothelial,0.20729143372022904,0.06551189937559358,0.25187300505823484,0.2620726214025575,0.006802721088435374,0.003401360544217687,0.15889268939173196,0.16018103963541253,294
CID4465,Myeloid,0.16189100697227335,0.04145622212327205,0.19740838634278862,0.2069347252503894,0.0,0.0,0.15084513395254326,0.15330140596303762,181
CID4465,Normal Epithelial,0.18946556777678575,1.1666404737998761,0.4160445121440569,0.45668452242181595,0.0,0.0,0.18026486042356832,0.18005877606017087,10
CID4465,PVL,0.2707754051862904,0.039161785230869064,0.6244499316328114,0.6079604006171807,0.0,0.0,0.2140905615703614,0.21678546156071904,317
CID4465,Plasmablasts,0.07530076397877035,0.0868734139923459,0.3726176600814177,0.39302544212532387,0.0,0.0,0.13008140401564522,0.13814749094239673,110
CID4465,T-cells,0.07090199117293626,0.022217747357713487,0.09301876019735254,0.09984511733028406,0.0,0.0,0.10421238508901237,0.11040121352671713,116
CID4471,B-cells,0.11890301576943714,0.06447234372182375,0.28509720652147746,0.3014114637817084,0.0,0.0,0.1312857462492638,0.13583295230832448,99
CID4471,CAFs,0.734096069906775,0.0787735428883989,2.4649390429883344,2.3705718242063814,0.06037151702786378,0.047987616099071206,0.5555439205035422,0.5396696706492335,1292
CID4471,Cancer Epithelial,0.2165608593842605,1.337655719907845,0.375079653291881,0.3909158369636881,0.018867924528301886,0.018867924528301886,0.2246112745978172,0.22491201998396224,212
CID4471,Endothelial,0.318169987249317,0.15430497127006285,0.5707552506568245,0.5880277675698048,0.09251259899208063,0.08567314614830814,0.24773935751243817,0.25234699547403305,2778
CID4471,Myeloid,0.2394723470879414,0.06493842225579347,0.5457294472112492,0.5820922983072163,0.021052631578947368,0.017543859649122806,0.2454529164088709,0.26202785122091987,285
CID4471,Normal Epithelial,0.2842989126956145,1.1014371560405882,0.960235102260498,1.0219624358793633,0.002034587995930824,0.002034587995930824,0.2561723011711532,0.2575464929210629,1966
CID4471,PVL,0.45151515194434855,0.09172637445764568,1.3184899828936936,1.2769899648472531,0.02178988326848249,0.017120622568093387,0.40948240670759634,0.4139568034360684,1285
CID4471,Plasmablasts,0.12964706639751092,0.0697581857072795,0.29365156345439286,0.30741134885101573,0.0,0.0,0.14283244687009156,0.1585627982222163,51
CID4471,T-cells,0.16236093242890048,0.07657569578748792,0.28806635465533015,0.2981797782458364,0.0031201248049922,0.0031201248049922,0.1689404638278782,0.17318142054697935,641
CID4495,B-cells,0.0820897283248855,0.034078509647710156,0.18069769532057292,0.18847133718493803,0.0,0.0,0.09914701283153725,0.10251321857174164,773
CID4495,CAFs,0.6809334877392392,0.06774258644319638,2.214950023665141,2.130427847863683,0.09482758620689655,0.09482758620689655,0.563511882429534,0.5491410191447801,232
CID4495,Cancer Epithelial,0.13923063491804752,0.8175535495381364,0.3411509780568737,0.3613750828836015,0.004222972972972973,0.004222972972972973,0.15545633728435435,0.15594095024287313,1184
CID4495,Endothelial,0.3131031076046281,0.09770926757213302,0.4769695195037747,0.4949648676004961,0.09239130434782608,0.09239130434782608,0.22741711352102675,0.22884396312776129,184
CID4495,Myeloid,0.21921212384575436,0.04619965422875853,0.4036647862588308,0.4333260120897596,0.024526198439241916,0.022296544035674472,0.23407539992989868,0.24822423611730604,897
CID4495,PVL,0.4261474005106676,0.08682055754228228,1.0169755565975795,0.9028619807421863,0.05759162303664921,0.05759162303664921,0.3724442894662774,0.36714052953308474,191
CID4495,Plasmablasts,0.07854696040698131,0.034503559834647674,0.13967374616829129,0.1487304335428303,0.00196078431372549,0.00196078431372549,0.12796068889230797,0.1400134118056373,1020
CID4495,T-cells,0.12006996902407686,0.03275212015706464,0.14772004039742756,0.1549387772997126,0.0045662100456621,0.0045662100456621,0.14375384931273366,0.14794686729103557,3504
CID4513,B-cells,0.18410568854433895,0.002402864804938285,0.2949244251203871,0.3152344412541179,0.0,0.0,0.21432288599226193,0.2280585519325957,43
CID4513,CAFs,0.5967716746329104,0.05595867614902918,1.8932373023545634,1.7969094347139316,0.07692307692307693,0.07692307692307693,0.5017428326363842,0.4995979811420945,13
CID4513,Cancer Epithelial,0.5065003105663446,0.1259988098784204,1.716198361489355,1.6241293082393335,0.2637051039697543,0.2637051039697543,0.480742723255436,0.47900038862436206,1058
CID4513,Endothelial,0.3925786856545096,0.10718330821468029,0.648215842848567,0.658366958658667,0.19135802469135801,0.19135802469135801,0.2746374697512837,0.2794574051620875,162
CID4513,Myeloid,0.23894990209413153,0.006784235503917211,0.33765811182210603,0.36202789895532644,0.005366726296958855,0.005366726296958855,0.2545472963560436,0.2708211175410194,2795
CID4513,PVL,0.5910226419607967,0.09282661285253473,1.6546635043328974,1.5060005590032972,0.18292682926829268,0.18292682926829268,0.49663266898096986,0.48458492739028763,82
CID4513,T-cells,0.15476557313320655,0.0016645406357641416,0.13042463236693352,0.13736703637093797,0.0,0.0,0.1503543446080367,0.15583207765578924,1466
CID4515,B-cells,0.07117344329557056,0.06565870946337056,0.15748019487743978,0.16424902226956054,0.0,0.0,0.09697972006705982,0.10039590570071272,494
CID4515,CAFs,0.8124727104139584,0.11795550512458404,2.5351011917049986,2.4440420464362735,0.23529411764705882,0.20320855614973263,0.6342750703492401,0.5970594728619809,187
CID4515,Cancer Epithelial,0.23005174814811827,1.0589162026479524,0.7361981672886202,0.7830740419199314,0.00875979714153988,0.00875979714153988,0.2411124594833368,0.24087718627433383,2169
CID4515,Endothelial,0.334545381571505,0.15756619296432706,0.4246284673616994,0.44961765749889504,0.09016393442622951,0.09016393442622951,0.23042269123313644,0.23475708855549554,122
CID4515,Myeloid,0.23069867198099553,0.07419428870793146,0.33122099816344136,0.3563463435546067,0.04440497335701599,0.03374777975133215,0.2017077289235144,0.2122749965532308,563
CID4515,Normal Epithelial,0.27110216067261145,1.0864271166269415,0.7446481902451545,0.7845298794935773,0.0,0.0,0.22584594618157242,0.22447754821367294,36
CID4515,PVL,0.5289914824304858,0.12200502923883469,1.4460785499833055,1.3507424300338302,0.08130081300813008,0.056910569105691054,0.456732545565647,0.43891449881886624,123
CID4515,Plasmablasts,0.11680992004136367,0.12299550467785979,0.21433820817383153,0.22230593805788226,0.0,0.0,0.14164363880730904,0.15448466542410072,36
CID4515,T-cells,0.11722539197865503,0.07184832907578902,0.11789020460746226,0.12250207696725617,0.002386634844868735,0.002386634844868735,0.1339763395960797,0.1408133115822071,419
CID4523,CAFs,0.7639363131991788,0.10572324597216813,2.510414858130988,2.470185651338103,0.16666666666666666,0.14285714285714285,0.5523684236910418,0.5253762473270107,42
CID4523,Cancer Epithelial,0.13169340551980876,1.0344985159022109,0.33539104882832577,0.35309123346816995,0.0,0.0,0.14379878759784365,0.14320700643847348,1167
CID4523,Endothelial,0.28586538795669697,0.6650404638213221,0.43058291667233656,0.4566865180729538,0.0,0.0,0.16850129338408562,0.17674518732279276,3
CID4523,Myeloid,0.18901396994365538,0.07833898479921268,0.17170200200251745,0.1866080705597089,0.028169014084507043,0.022535211267605635,0.15446965051188724,0.15772008063070622,355
CID4523,PVL,0.6264127531304454,0.1648792477519365,1.735661474467141,1.6034967976024834,0.1,0.1,0.5022772141831348,0.48488601970553213,10
CID4523,T-cells,0.14710788305253264,0.08658720998845894,0.13688837406853327,0.14573130265355247,0.01694915254237288,0.01694915254237288,0.12886098032467716,0.13528327071693177,177
CID4530N,CAFs,0.7494431814596838,0.08443810805581801,2.3966865812553606,2.297557719881384,0.10597826086956522,0.035326086956521736,0.551698880070177,0.5443292068111771,368
CID4530N,Cancer Epithelial,0.17345048830145407,1.35574628453848,0.35862860706267197,0.387558729546139,0.0029154518950437317,0.0029154518950437317,0.17999916061516433,0.17934875966131686,1715
CID4530N,Endothelial,0.3217486335265986,0.16837943749523254,0.6574117274612321,0.666452225917584,0.25984251968503935,0.17421259842519685,0.2752184095760825,0.277399487246416,1016
CID4530N,Myeloid,0.20254499439682996,0.09158591514568222,0.45116462759291237,0.48011182348963266,0.10416666666666667,0.03125,0.20605844676228435,0.21532148237656015,96
CID4530N,Normal Epithelial,0.2329197205176686,1.257664911444588,0.8154410766525791,0.8827938851472801,0.01507537688442211,0.01507537688442211,0.2302910315889476,0.23236585866378218,398
CID4530N,PVL,0.4025559772491612,0.08124367880859178,1.185981568331479,1.0967773953195024,0.05970149253731343,0.029850746268656716,0.38368282170129464,0.3845103823779977,469
CID4530N,Plasmablasts,0.12220980244588303,0.28901444223916345,0.2512809356579979,0.2585820949642835,0.01818181818181818,0.01818181818181818,0.14993691740767165,0.1626470798709544,55
CID4530N,T-cells,0.11525197876578458,0.09157860725911864,0.12247838237790327,0.12855220980057885,0.010273972602739725,0.003424657534246575,0.13889708118308286,0.1416816826456507,292
CID4535,B-cells,0.0792113783832221,0.18233329871330187,0.19096201270791016,0.20225850410472698,0.0,0.0,0.09759175792137047,0.09977531337433478,56
CID4535,CAFs,0.47795794567447064,0.2732563965765232,1.4466025874099753,1.3127826058000278,0.06862745098039216,0.029411764705882353,0.4018087760175795,0.38746074280729814,102
CID4535,Cancer Epithelial,0.14425715638855216,1.0397171133224818,0.6383378747690626,0.671500256251374,0.000899685110211426,0.000899685110211426,0.15600907733952837,0.1565558692184628,2223
CID4535,Endothelial,0.29913979852981226,0.260845878165606,0.4981545541119414,0.5297170326567847,0.1141552511415525,0.0867579908675799,0.21851494820274264,0.22389189066429432,219
CID4535,Myeloid,0.18013442671117946,0.21634720024528403,0.40977784125221,0.43833431971648074,0.043137254901960784,0.0196078431372549,0.1819114562471207,0.19379771940151339,255
CID4535,Normal Epithelial,0.18460835771562437,1.2816027319044858,0.4822748896714204,0.5100803434819189,0.0,0.0,0.18989401841915318,0.189936310137288,22
CID4535,PVL,0.44897863921043213,0.23644766971522446,1.2959007046996638,1.1675168147791621,0.1097972972972973,0.08783783783783784,0.41025612609283046,0.4050386392619347,592
CID4535,Plasmablasts,0.10114197652799849,0.2896921965006636,0.4126155412048474,0.4299947984123568,0.010416666666666666,0.010416666666666666,0.15065105377577337,0.16187718752822877,96
CID4535,T-cells,0.1089287214179285,0.2757216606888124,0.13649927289872027,0.14042232323507275,0.010101010101010102,0.007575757575757576,0.12025397845991215,0.12318850474093161,396
CID44041,B-cells,0.05009157266995186,0.005872955866505739,0.10296115523649281,0.10561777935676243,0.0,0.0,0.07751010884344521,0.08046017276679697,176
CID44041,CAFs,0.5447390687210071,0.021345099246974746,1.824039276045288,1.6632557365307752,0.013215859030837005,0.007342143906020558,0.5035603318213743,0.49171504576139596,681
CID44041,Endothelial,0.18471457663753213,0.08323190763594748,0.24422399460305746,0.25380348742695225,0.013513513513513514,0.013513513513513514,0.18895729007566198,0.1974366648448103,148
CID44041,Myeloid,0.16609634032474913,0.01187983144792402,0.35158566376567,0.3797616900689361,0.0,0.0,0.1977702863333292,0.21192476191500256,105
CID44041,Normal Epithelial,0.17952434135162085,1.001153744678251,0.508472113510362,0.5560383334232372,0.0,0.0,0.18120892082901816,0.18335221736220111,151
CID44041,PVL,0.3472926977836988,0.03150635249230093,1.070557218059706,0.9767175812162258,0.0,0.0,0.36692243623376075,0.3697684686475218,128
CID44041,T-cells,0.08779278625657685,0.005528905075561592,0.099411648417758,0.10243244653085692,0.0,0.0,0.11816570865812773,0.12205766118336182,742
CID44971,B-cells,0.07784646549077716,0.053384968921598386,0.1965998708433746,0.20558837489118884,0.0027100271002710027,0.0027100271002710027,0.0828090382076352,0.08451076654356603,369
CID44971,CAFs,0.6575655979150846,0.061350198496923615,2.2524956695139338,2.144488257525424,0.054982817869415807,0.041237113402061855,0.5417053374375578,0.5306092509767103,582
CID44971,Cancer Epithelial,0.16802637359981462,1.0176315971211374,0.4987001278521863,0.5353071012488323,0.0022371364653243847,0.0022371364653243847,0.17300086201691778,0.17219443889656202,894
CID44971,Endothelial,0.29038223654765455,0.11222962228412153,0.40509591784132676,0.4279260546033738,0.09216589861751152,0.08294930875576037,0.22153322496466582,0.22760083108500856,217
CID44971,Myeloid,0.19275743774784024,0.04620342196023182,0.3783100644472345,0.40571366374865114,0.013157894736842105,0.01023391812865497,0.18869014127060205,0.20458494230144772,684
CID44971,Normal Epithelial,0.24776081225914767,1.3428790743207273,0.8515278570727541,0.9218032373060122,0.004081632653061225,0.004081632653061225,0.2302339490041057,0.2322350575919528,735
CID44971,PVL,0.4917818956009495,0.081483080288037,1.366317818646791,1.2124422313500172,0.07692307692307693,0.07692307692307693,0.43316214642702955,0.4188827142270447,91
CID44971,Plasmablasts,0.11019003635858764,0.14225276569451487,0.2658325955824055,0.28655132933350685,0.0,0.0,0.13461922595915202,0.14933455027359488,48
CID44971,T-cells,0.12824801787653856,0.052457641554302124,0.1822125738944418,0.19065474997047127,0.0018323408153916628,0.001374255611543747,0.1482571552532359,0.15242263760207803,4366
CID44991,B-cells,0.0748216346697196,0.11148623234221132,0.15031394801379025,0.15536668847212118,0.0,0.0,0.10881472033743309,0.11269857817257822,88
CID44991,CAFs,0.8066334875111161,0.12916716082819427,2.2999930336602707,2.215429251382613,0.05714285714285714,0.04897959183673469,0.5556561909172553,0.5437923748867267,245
CID44991,Cancer Epithelial,0.1558784982543374,1.4255561441314843,0.31414647867478485,0.3284687590187391,0.0004977600796416127,0.0004977600796416127,0.17105669276159444,0.16716616851830812,4018
CID44991,Endothelial,0.3285390257836618,0.2042722202383402,0.4987857330156,0.5265221422115341,0.024390243902439025,0.024390243902439025,0.20950341711860457,0.2070126924355481,41
CID44991,Myeloid,0.2232473104949969,0.06991738557725945,0.3119671434765458,0.3344957781278379,0.0048543689320388345,0.0,0.21774944382270547,0.2284440539748559,206
CID44991,Normal Epithelial,0.16995059630960982,1.0625113460596023,0.45373732951318696,0.4914121778976459,0.0,0.0,0.17372392489542118,0.1725654505283547,24
CID44991,PVL,0.6148660808349403,0.26449898418684564,1.7119999946243085,1.5707781211639358,0.043478260869565216,0.043478260869565216,0.4749391985243498,0.4660609976138211,46
CID44991,Plasmablasts,0.07198064250836125,0.08347925670232892,0.09883985621065518,0.1046870021639036,0.0,0.0,0.1223873728969559,0.13189354278705917,1453
CID44991,T-cells,0.11153510423416596,0.12503673483869907,0.10683975582512346,0.11210687098350319,0.0022172949002217295,0.0011086474501108647,0.13501938190862098,0.1405992895460799,902
CID45171,B-cells,0.06106512387413758,0.05882554776858554,0.16184801548560368,0.1712300358049607,0.0,0.0,0.07366107893090178,0.07907833530499919,56
CID45171,CAFs,0.7597505281336182,0.13349490904934386,2.3104638683763903,2.2370311910396397,0.0625,0.03125,0.520572513725228,0.515821520096553,32
CID45171,Cancer Epithelial,0.11386351436078214,0.9411552191394024,0.24338906167965454,0.26112329838907133,0.0012300123001230013,0.0012300123001230013,0.13044271361644494,0.13056877678485282,813
CID45171,Endothelial,0.27319739357841394,0.1623938763480444,0.403456572327087,0.4349358626353628,0.06666666666666667,0.06666666666666667,0.1910223931979209,0.20382274007022966,15
CID45171,Myeloid,0.18359254766175517,0.07013529690327179,0.25874281528795645,0.27942954271283854,0.011627906976744186,0.005813953488372093,0.16341106892998739,0.17082703117366094,172
CID45171,PVL,0.4068119513325289,0.05483196208794549,1.074405608252919,0.9928989210327465,0.0,0.0,0.32968220302474543,0.3316628950762745,13
CID45171,T-cells,0.10628510761094334,0.05547829164906704,0.07622396065273129,0.08012579025221248,0.0014858841010401188,0.0014858841010401188,0.1223162374988266,0.12674779471127037,1346
