sample,group,n_cells,median_transcripts,median_cell_area_um2,median_nucleus_area_um2,median_stromal_neighbors_100um,median_myoepithelial_neighbors_100um
NCBI785,TF candidates,1135,319.0,230.25171875,69.22453125,23.0,0.0
NCBI785,Other QC tumor,61033,227.0,135.0171875,60.193281250000005,16.0,0.0
NCBI785,Nuclear-supported candidates,136,293.0,185.45671875,86.83546875,21.5,0.0
NCBI784,TF candidates,706,329.5,221.33335937500001,70.66953125,27.0,0.0
NCBI784,Other QC tumor,33944,248.0,139.21671875,63.941250000000004,18.0,1.0
NCBI784,Nuclear-supported candidates,115,333.0,188.57250000000002,88.0546875,28.0,0.0
NCBI783,TF candidates,912,307.5,317.53875000000005,73.672421875,35.0,0.0
NCBI783,Other QC tumor,13541,240.0,245.74031250000002,65.97328125,23.0,0.0
NCBI783,Nuclear-supported candidates,178,356.0,316.5453125,102.23375,32.5,0.0
