sample,patient,null,observed_maximum_centers,null_mean,null_025,null_975,p_permutation,p_holm_nine_extent_configurations,p_holm_all_39_localization_configurations
NCBI785,P07,global,54,3.2841420710355176,0.0,24.049999999999955,0.0015,0.0105,0.043500000000000004
NCBI785,P07,technical,54,27.35767883941971,4.0,76.0,0.0925,0.37,1.0
NCBI785,P07,context,54,56.51025512756378,17.950000000000003,138.04999999999995,0.4155,0.831,1.0
NCBI784,P07,global,158,3.105552776388194,0.0,19.0,0.0005,0.0045000000000000005,0.0195
NCBI784,P07,technical,158,24.756378189094548,2.0,71.0,0.0005,0.0045000000000000005,0.0195
NCBI784,P07,context,158,52.21410705352676,16.0,118.0,0.007,0.042,0.189
NCBI783,P08,global,331,173.5992996498249,94.0,319.0,0.02,0.1,0.52
NCBI783,P08,technical,331,237.52926463231617,127.0,437.0,0.124,0.372,1.0
NCBI783,P08,context,331,401.0215107553777,220.95,688.05,0.6735,0.831,1.0
